[
  {
    "ID": 1,
    "Subject": "Plans 201533333333333333333",
    "Start_Date": "2015-01-01T00:00:00",
    "Due_Date": "2015-04-01T00:00:00",
    "Status": "Completed",
    "Parent_ID": 0,
    "hasItems": true
  },
  {
    "ID": 2,
    "Subject": "Health Insurance",
    "Start_Date": "2015-02-12T00:00:00",
    "Due_Date": "2015-05-30T00:00:00",
    "Status": "In Progress",
    "Parent_ID": 0,
    "hasItems": true
  },
  {
    "ID": 3,
    "Subject": "New Brochures",
    "Start_Date": "2015-02-17T00:00:00",
    "Due_Date": "2015-03-01T00:00:00",
    "Status": "Completed",
    "Parent_ID": 0,
    "hasItems": false
  },
  {
    "ID": 4,
    "Subject": "Training",
    "Start_Date": "2015-03-02T00:00:00",
    "Due_Date": "2015-06-29T00:00:00",
    "Status": "Completed",
    "Parent_ID": 0,
    "hasItems": true
  },
  {
    "ID": 5,
    "Subject": "NDA",
    "Start_Date": "2015-03-12T00:00:00",
    "Due_Date": "2015-05-01T00:00:00",
    "Status": "In Progress",
    "Parent_ID": 0,
    "hasItems": false
  },
  {
    "ID": 6,
    "Subject": "Revenue Projections",
    "Start_Date": "2015-03-24T00:00:00",
    "Due_Date": "2015-04-15T00:00:00",
    "Status": "Completed",
    "Parent_ID": 0,
    "hasItems": false
  },
  {
    "ID": 7,
    "Subject": "TV Recall",
    "Start_Date": "2015-04-18T00:00:00",
    "Due_Date": "2016-02-04T00:00:00",
    "Status": "In Progress",
    "Parent_ID": 0,
    "hasItems": false
  },
  {
    "ID": 8,
    "Subject": "Overtime",
    "Start_Date": "2015-06-10T00:00:00",
    "Due_Date": "2015-06-20T00:00:00",
    "Status": "Completed",
    "Parent_ID": 0,
    "hasItems": false
  },
  {
    "ID": 9,
    "Subject": "Recall and Refund Forms",
    "Start_Date": "2015-06-17T00:00:00",
    "Due_Date": "2016-04-09T00:00:00",
    "Status": "Completed",
    "Parent_ID": 0,
    "hasItems": false
  },
  {
    "ID": 10,
    "Subject": "Shippers",
    "Start_Date": "2015-07-10T00:00:00",
    "Due_Date": "2016-04-11T00:00:00",
    "Status": "Completed",
    "Parent_ID": 0,
    "hasItems": false
  },
  {
    "ID": 11,
    "Subject": "Hardware Upgrade",
    "Start_Date": "2015-07-22T00:00:00",
    "Due_Date": "2016-05-01T00:00:00",
    "Status": "In Progress",
    "Parent_ID": 0,
    "hasItems": false
  },
  {
    "ID": 12,
    "Subject": "Touch-Enabled Apps",
    "Start_Date": "2015-08-05T00:00:00",
    "Due_Date": "2016-04-30T00:00:00",
    "Status": "In Progress",
    "Parent_ID": 0,
    "hasItems": false
  },
  {
    "ID": 13,
    "Subject": "Online Sales",
    "Start_Date": "2015-08-20T00:00:00",
    "Due_Date": "2015-09-15T00:00:00",
    "Status": "Completed",
    "Parent_ID": 0,
    "hasItems": false
  },
  {
    "ID": 14,
    "Subject": "New Website Design",
    "Start_Date": "2015-09-17T00:00:00",
    "Due_Date": "2015-11-01T00:00:00",
    "Status": "Completed",
    "Parent_ID": 0,
    "hasItems": false
  },
  {
    "ID": 15,
    "Subject": "Bandwidth Increase",
    "Start_Date": "2015-11-01T00:00:00",
    "Due_Date": "2015-11-07T00:00:00",
    "Status": "Completed",
    "Parent_ID": 0,
    "hasItems": false
  },
  {
    "ID": 16,
    "Subject": "Support",
    "Start_Date": "2015-11-10T00:00:00",
    "Due_Date": "2015-11-15T00:00:00",
    "Status": "Completed",
    "Parent_ID": 0,
    "hasItems": false
  },
  {
    "ID": 17,
    "Subject": "Training Material",
    "Start_Date": "2015-11-14T00:00:00",
    "Due_Date": "2016-02-05T00:00:00",
    "Status": "Completed",
    "Parent_ID": 0,
    "hasItems": false
  },
  {
    "ID": 18,
    "Subject": "New Database",
    "Start_Date": "2015-12-24T00:00:00",
    "Due_Date": "2015-12-29T00:00:00",
    "Status": "Completed",
    "Parent_ID": 0,
    "hasItems": false
  },
  {
    "ID": 19,
    "Subject": "New HDMI Specification",
    "Start_Date": "2016-01-02T00:00:00",
    "Due_Date": "2016-01-31T00:00:00",
    "Status": "Deferred",
    "Parent_ID": 0,
    "hasItems": false
  }
]