[
  {
    "ID": 1,
    "Subject": "Plans 201533333333333333333",
    "Start_Date": "2015-01-01T00:00:00",
    "Due_Date": "2015-04-01T00:00:00",
    "Status": "Completed",
    "Parent_ID": 0
  },
  {
    "ID": 2,
    "Subject": "Health Insurance",
    "Start_Date": "2015-02-12T00:00:00",
    "Due_Date": "2015-05-30T00:00:00",
    "Status": "In Progress",
    "Parent_ID": 0
  },
  {
    "ID": 3,
    "Subject": "New Brochures",
    "Start_Date": "2015-02-17T00:00:00",
    "Due_Date": "2015-03-01T00:00:00",
    "Status": "Completed",
    "Parent_ID": 0
  },
  {
    "ID": 4,
    "Subject": "Training",
    "Start_Date": "2015-03-02T00:00:00",
    "Due_Date": "2015-06-29T00:00:00",
    "Status": "Completed",
    "Parent_ID": 0
  },
  {
    "ID": 5,
    "Subject": "NDA",
    "Start_Date": "2015-03-12T00:00:00",
    "Due_Date": "2015-05-01T00:00:00",
    "Status": "In Progress",
    "Parent_ID": 0
  },
  {
    "ID": 6,
    "Subject": "Revenue Projections",
    "Start_Date": "2015-03-24T00:00:00",
    "Due_Date": "2015-04-15T00:00:00",
    "Status": "Completed",
    "Parent_ID": 0
  },
  {
    "ID": 7,
    "Subject": "TV Recall",
    "Start_Date": "2015-04-18T00:00:00",
    "Due_Date": "2016-02-04T00:00:00",
    "Status": "In Progress",
    "Parent_ID": 0
  },
  {
    "ID": 8,
    "Subject": "Overtime",
    "Start_Date": "2015-06-10T00:00:00",
    "Due_Date": "2015-06-20T00:00:00",
    "Status": "Completed",
    "Parent_ID": 0
  },
  {
    "ID": 9,
    "Subject": "Recall and Refund Forms",
    "Start_Date": "2015-06-17T00:00:00",
    "Due_Date": "2016-04-09T00:00:00",
    "Status": "Completed",
    "Parent_ID": 0
  },
  {
    "ID": 10,
    "Subject": "Shippers",
    "Start_Date": "2015-07-10T00:00:00",
    "Due_Date": "2016-04-11T00:00:00",
    "Status": "Completed",
    "Parent_ID": 0
  },
  {
    "ID": 11,
    "Subject": "Hardware Upgrade",
    "Start_Date": "2015-07-22T00:00:00",
    "Due_Date": "2016-05-01T00:00:00",
    "Status": "In Progress",
    "Parent_ID": 0
  },
  {
    "ID": 12,
    "Subject": "Touch-Enabled Apps",
    "Start_Date": "2015-08-05T00:00:00",
    "Due_Date": "2016-04-30T00:00:00",
    "Status": "In Progress",
    "Parent_ID": 0
  },
  {
    "ID": 13,
    "Subject": "Online Sales",
    "Start_Date": "2015-08-20T00:00:00",
    "Due_Date": "2015-09-15T00:00:00",
    "Status": "Completed",
    "Parent_ID": 0
  },
  {
    "ID": 14,
    "Subject": "New Website Design",
    "Start_Date": "2015-09-17T00:00:00",
    "Due_Date": "2015-11-01T00:00:00",
    "Status": "Completed",
    "Parent_ID": 0
  },
  {
    "ID": 15,
    "Subject": "Bandwidth Increase",
    "Start_Date": "2015-11-01T00:00:00",
    "Due_Date": "2015-11-07T00:00:00",
    "Status": "Completed",
    "Parent_ID": 0
  },
  {
    "ID": 16,
    "Subject": "Support",
    "Start_Date": "2015-11-10T00:00:00",
    "Due_Date": "2015-11-15T00:00:00",
    "Status": "Completed",
    "Parent_ID": 0
  },
  {
    "ID": 17,
    "Subject": "Training Material",
    "Start_Date": "2015-11-14T00:00:00",
    "Due_Date": "2016-02-05T00:00:00",
    "Status": "Completed",
    "Parent_ID": 0
  },
  {
    "ID": 18,
    "Subject": "New Database",
    "Start_Date": "2015-12-24T00:00:00",
    "Due_Date": "2015-12-29T00:00:00",
    "Status": "Completed",
    "Parent_ID": 0
  },
  {
    "ID": 19,
    "Subject": "New HDMI Specification",
    "Start_Date": "2016-01-02T00:00:00",
    "Due_Date": "2016-01-31T00:00:00",
    "Status": "Deferred",
    "Parent_ID": 0
  },
  {
    "ID": 20,
    "Subject": "Automation Server",
    "Start_Date": "2016-01-15T00:00:00",
    "Due_Date": "2016-04-30T00:00:00",
    "Status": "In Progress",
    "Parent_ID": 0
  },
  {
    "ID": 21,
    "Subject": "Retail Sales",
    "Start_Date": "2016-01-20T00:00:00",
    "Due_Date": "2016-02-10T00:00:00",
    "Status": "Completed",
    "Parent_ID": 0
  },
  {
    "ID": 22,
    "Subject": "Reports",
    "Start_Date": "2016-03-13T00:00:00",
    "Due_Date": "2016-05-07T00:00:00",
    "Status": "In Progress",
    "Parent_ID": 0
  },
  {
    "ID": 23,
    "Subject": "Budget",
    "Start_Date": "2016-03-20T00:00:00",
    "Due_Date": "2016-04-01T00:00:00",
    "Status": "In Progress",
    "Parent_ID": 0
  },
  {
    "ID": 24,
    "Subject": "Shipping Labels",
    "Start_Date": "2016-04-01T00:00:00",
    "Due_Date": "2016-04-15T00:00:00",
    "Status": "In Progress",
    "Parent_ID": 0
  },
  {
    "ID": 25,
    "Subject": "New Warehouse",
    "Start_Date": "2016-04-05T00:00:00",
    "Due_Date": "2016-04-15T00:00:00",
    "Status": "In Progress",
    "Parent_ID": 0
  },
  {
    "ID": 26,
    "Subject": "Forklift",
    "Start_Date": "2016-04-07T00:00:00",
    "Due_Date": "2016-04-20T00:00:00",
    "Status": "In Progress",
    "Parent_ID": 0
  },
  {
    "ID": 27,
    "Subject": "Customer Follow Up Plan",
    "Start_Date": "2016-05-05T00:00:00",
    "Due_Date": "2016-05-11T00:00:00",
    "Status": "In Progress",
    "Parent_ID": 0
  },
  {
    "ID": 28,
    "Subject": "Prepare 2015 Financial",
    "Start_Date": "2015-01-15T00:00:00",
    "Due_Date": "2015-01-31T00:00:00",
    "Status": "Completed",
    "Parent_ID": 1
  },
  {
    "ID": 29,
    "Subject": "Prepare 2015 Marketing Plan",
    "Start_Date": "2015-01-01T00:00:00",
    "Due_Date": "2015-01-31T00:00:00",
    "Status": "Completed",
    "Parent_ID": 1
  },
  {
    "ID": 30,
    "Subject": "Review Health Insurance Options Under the Affordable Care Act",
    "Start_Date": "2015-02-12T00:00:00",
    "Due_Date": "2015-04-25T00:00:00",
    "Status": "In Progress",
    "Parent_ID": 2
  },
  {
    "ID": 31,
    "Subject": "Choose between PPO and HMO Health Plan",
    "Start_Date": "2015-02-15T00:00:00",
    "Due_Date": "2015-04-15T00:00:00",
    "Status": "In Progress",
    "Parent_ID": 2
  },
  {
    "ID": 32,
    "Subject": "Google AdWords Strategy",
    "Start_Date": "2015-02-16T00:00:00",
    "Due_Date": "2015-02-28T00:00:00",
    "Status": "Completed",
    "Parent_ID": 29
  },
  {
    "ID": 34,
    "Subject": "2015 Brochure Designs",
    "Start_Date": "2015-02-19T00:00:00",
    "Due_Date": "2015-02-24T00:00:00",
    "Status": "Completed",
    "Parent_ID": 3
  },
  {
    "ID": 35,
    "Subject": "Brochure Design Review",
    "Start_Date": "2015-02-19T00:00:00",
    "Due_Date": "2015-02-22T00:00:00",
    "Status": "Completed",
    "Parent_ID": 34
  },
  {
    "ID": 36,
    "Subject": "Website Re-Design Plan",
    "Start_Date": "2015-02-19T00:00:00",
    "Due_Date": "2015-02-24T00:00:00",
    "Status": "Completed",
    "Parent_ID": 34
  },
  {
    "ID": 37,
    "Subject": "Rollout of New Website and Marketing Brochures",
    "Start_Date": "2015-02-20T00:00:00",
    "Due_Date": "2015-02-28T00:00:00",
    "Status": "Completed",
    "Parent_ID": 3
  },
  {
    "ID": 38,
    "Subject": "Update Sales Strategy Documents",
    "Start_Date": "2015-02-20T00:00:00",
    "Due_Date": "2015-02-22T00:00:00",
    "Status": "Completed",
    "Parent_ID": 29
  },
  {
    "ID": 39,
    "Subject": "Create 2012 Sales Report",
    "Start_Date": "2015-02-20T00:00:00",
    "Due_Date": "2015-02-21T00:00:00",
    "Status": "Completed",
    "Parent_ID": 29
  },
  {
    "ID": 40,
    "Subject": "Direct vs Online Sales Comparison Report",
    "Start_Date": "2015-02-20T00:00:00",
    "Due_Date": "2015-02-22T00:00:00",
    "Status": "Completed",
    "Parent_ID": 29
  },
  {
    "ID": 41,
    "Subject": "Review 2012 Sales Report and Approve 2015 Plans",
    "Start_Date": "2015-02-23T00:00:00",
    "Due_Date": "2015-02-28T00:00:00",
    "Status": "Completed",
    "Parent_ID": 29
  },
  {
    "ID": 42,
    "Subject": "Deliver R&D Plans for 2015",
    "Start_Date": "2015-03-01T00:00:00",
    "Due_Date": "2015-03-10T00:00:00",
    "Status": "Completed",
    "Parent_ID": 1
  },
  {
    "ID": 43,
    "Subject": "Create 2015 R&D Plans",
    "Start_Date": "2015-03-01T00:00:00",
    "Due_Date": "2015-03-07T00:00:00",
    "Status": "Completed",
    "Parent_ID": 42
  },
  {
    "ID": 44,
    "Subject": "2015 QA Strategy Report",
    "Start_Date": "2015-03-02T00:00:00",
    "Due_Date": "2015-03-05T00:00:00",
    "Status": "Completed",
    "Parent_ID": 42
  },
  {
    "ID": 45,
    "Subject": "2015 Training Events",
    "Start_Date": "2015-03-02T00:00:00",
    "Due_Date": "2015-03-04T00:00:00",
    "Status": "Completed",
    "Parent_ID": 4
  },
  {
    "ID": 46,
    "Subject": "Non-Compete Agreements",
    "Start_Date": "2015-03-12T00:00:00",
    "Due_Date": "2015-03-14T00:00:00",
    "Status": "Completed",
    "Parent_ID": 5
  },
  {
    "ID": 47,
    "Subject": "Update NDA Agreement",
    "Start_Date": "2015-03-14T00:00:00",
    "Due_Date": "2015-03-16T00:00:00",
    "Status": "Completed",
    "Parent_ID": 5
  },
  {
    "ID": 48,
    "Subject": "Update Employee Files with New NDA",
    "Start_Date": "2015-03-16T00:00:00",
    "Due_Date": "2015-03-26T00:00:00",
    "Status": "Need Assistance",
    "Parent_ID": 5
  },
  {
    "ID": 49,
    "Subject": "Sign Updated NDA",
    "Start_Date": "2015-03-20T00:00:00",
    "Due_Date": "2015-03-25T00:00:00",
    "Status": "Completed",
    "Parent_ID": 5
  },
  {
    "ID": 50,
    "Subject": "Sign Updated NDA",
    "Start_Date": "2015-03-20T00:00:00",
    "Due_Date": "2015-03-25T00:00:00",
    "Status": "Completed",
    "Parent_ID": 5
  },
  {
    "ID": 51,
    "Subject": "Sign Updated NDA",
    "Start_Date": "2015-03-20T00:00:00",
    "Due_Date": "2015-03-25T00:00:00",
    "Status": "Need Assistance",
    "Parent_ID": 5
  },
  {
    "ID": 52,
    "Subject": "Sign Updated NDA",
    "Start_Date": "2015-03-20T00:00:00",
    "Due_Date": "2015-03-25T00:00:00",
    "Status": "In Progress",
    "Parent_ID": 5
  },
  {
    "ID": 53,
    "Subject": "Submit Questions Regarding New NDA",
    "Start_Date": "2015-03-21T00:00:00",
    "Due_Date": "2015-03-24T00:00:00",
    "Status": "Completed",
    "Parent_ID": 5
  },
  {
    "ID": 54,
    "Subject": "Submit Questions Regarding New NDA",
    "Start_Date": "2015-03-21T00:00:00",
    "Due_Date": "2015-03-24T00:00:00",
    "Status": "Completed",
    "Parent_ID": 5
  },
  {
    "ID": 55,
    "Subject": "Submit Questions Regarding New NDA",
    "Start_Date": "2015-03-21T00:00:00",
    "Due_Date": "2015-03-24T00:00:00",
    "Status": "Need Assistance",
    "Parent_ID": 5
  },
  {
    "ID": 56,
    "Subject": "Submit Signed NDA",
    "Start_Date": "2015-03-22T00:00:00",
    "Due_Date": "2015-03-24T00:00:00",
    "Status": "Completed",
    "Parent_ID": 5
  },
  {
    "ID": 57,
    "Subject": "Submit Signed NDA",
    "Start_Date": "2015-03-22T00:00:00",
    "Due_Date": "2015-03-24T00:00:00",
    "Status": "Completed",
    "Parent_ID": 5
  },
  {
    "ID": 58,
    "Subject": "Submit Signed NDA",
    "Start_Date": "2015-03-22T00:00:00",
    "Due_Date": "2015-03-24T00:00:00",
    "Status": "Completed",
    "Parent_ID": 5
  },
  {
    "ID": 59,
    "Subject": "Submit Signed NDA",
    "Start_Date": "2015-03-22T00:00:00",
    "Due_Date": "2015-03-24T00:00:00",
    "Status": "Completed",
    "Parent_ID": 5
  },
  {
    "ID": 60,
    "Subject": "Update Revenue Projections",
    "Start_Date": "2015-03-24T00:00:00",
    "Due_Date": "2015-04-07T00:00:00",
    "Status": "Completed",
    "Parent_ID": 6
  },
  {
    "ID": 61,
    "Subject": "Review Revenue Projections",
    "Start_Date": "2015-03-25T00:00:00",
    "Due_Date": "2015-04-06T00:00:00",
    "Status": "Completed",
    "Parent_ID": 6
  },
  {
    "ID": 62,
    "Subject": "Comment on Revenue Projections",
    "Start_Date": "2015-03-25T00:00:00",
    "Due_Date": "2015-04-03T00:00:00",
    "Status": "Completed",
    "Parent_ID": 6
  },
  {
    "ID": 63,
    "Subject": "Comment on Revenue Projections",
    "Start_Date": "2015-03-25T00:00:00",
    "Due_Date": "2015-04-03T00:00:00",
    "Status": "Completed",
    "Parent_ID": 6
  },
  {
    "ID": 64,
    "Subject": "Comment on Revenue Projections",
    "Start_Date": "2015-03-25T00:00:00",
    "Due_Date": "2015-04-03T00:00:00",
    "Status": "Deferred",
    "Parent_ID": 6
  },
  {
    "ID": 65,
    "Subject": "Provide New Health Insurance Docs",
    "Start_Date": "2015-03-28T00:00:00",
    "Due_Date": "2015-04-07T00:00:00",
    "Status": "Completed",
    "Parent_ID": 2
  },
  {
    "ID": 66,
    "Subject": "Review Changes to Health Insurance Coverage",
    "Start_Date": "2015-04-07T00:00:00",
    "Due_Date": "2015-04-30T00:00:00",
    "Status": "Completed",
    "Parent_ID": 2
  },
  {
    "ID": 67,
    "Subject": "Scan Health Insurance Forms",
    "Start_Date": "2015-04-15T00:00:00",
    "Due_Date": "2015-04-20T00:00:00",
    "Status": "Completed",
    "Parent_ID": 2
  },
  {
    "ID": 68,
    "Subject": "Sign Health Insurance Forms",
    "Start_Date": "2015-04-16T00:00:00",
    "Due_Date": "2015-04-19T00:00:00",
    "Status": "Completed",
    "Parent_ID": 2
  },
  {
    "ID": 69,
    "Subject": "Sign Health Insurance Forms",
    "Start_Date": "2015-04-16T00:00:00",
    "Due_Date": "2015-04-19T00:00:00",
    "Status": "Completed",
    "Parent_ID": 2
  },
  {
    "ID": 70,
    "Subject": "Sign Health Insurance Forms",
    "Start_Date": "2015-04-16T00:00:00",
    "Due_Date": "2015-04-19T00:00:00",
    "Status": "Deferred",
    "Parent_ID": 2
  }
]