{
	"process": [
		{
			"ID": 2,
      "Resource_ID": "Resource 2",
      "Title": "Lorem Ipsume1",
      "Process_Category": "Test category1",
      "Process": "Test process1",
      "Scope": "Test1",
      "Process_Owner": "Test owner1",
			"Parent_ID": 2
		},
		{
			"ID": 4,
      "Resource_ID": "Resource 4",
      "Title": "Lorem Ipsume1",
      "Process_Category": "Test category1",
      "Process": "Test process1",
      "Scope": "Test1",
      "Process_Owner": "Test owner1",
			"Parent_ID": 2
		}
	],
	"risk": [{
      "ID": 1,
      
			"Resource_ID": "Resource ID 1",
			"Title": "Title",
			"Risk_Group": "Risk Group",
      "Risk_Category": "Risk Category",
      "Risk": "Risk",
      "Risk_Rating_Quarter": "Risk Rating Quarter",
      "Risk_Rating_Year": "Risk Rating Year",
      "Scope": "Scope",
      "Owner": "Owner",
      
			"Process_ID": 2
		},
		{
			"ID": 2,
			"Resource_ID": "Resource ID",
			"Title": "Title",
			"Risk_Group": "Risk Group",
      "Risk_Category": "Risk Category",
      "Risk": "Risk",
      "Risk_Rating_Quarter": "Risk Rating Quarter",
      "Risk_Rating_Year": "Risk Rating Year",
      "Scope": "Scope",
      "Owner": "Owner",
			"Process_ID": 4
		},
		{
			"ID": 3,
			"Resource_ID": "Resource ID",
			"Title": "Title",
			"Risk_Group": "Risk Group",
      "Risk_Category": "Risk Category",
      "Risk": "Risk",
      "Risk_Rating_Quarter": "Risk Rating Quarter",
      "Risk_Rating_Year": "Risk Rating Year",
      "Scope": "Scope",
      "Owner": "Owner",
			"Process_ID": 4
		},
		{
			"ID": 4,
			"Resource_ID": "Resource ID",
			"Title": "Title",
			"Risk_Group": "Risk Group",
      "Risk_Category": "Risk Category",
      "Risk": "Risk",
      "Risk_Rating_Quarter": "Risk Rating Quarter",
      "Risk_Rating_Year": "Risk Rating Year",
      "Scope": "Scope",
      "Owner": "Owner",
			"Process_ID": 4
		},
		{
			"ID": 5,
			"Resource_ID": "Resource ID 5",
			"Title": "Title",
			"Risk_Group": "Risk Group",
      "Risk_Category": "Risk Category",
      "Risk": "Risk",
      "Risk_Rating_Quarter": "Risk Rating Quarter",
      "Risk_Rating_Year": "Risk Rating Year",
      "Scope": "Scope",
      "Owner": "Owner",
			"Process_ID": 2
		},
		{
			"ID": 6,
			"Resource_ID": "Resource ID",
			"Title": "Title",
			"Risk_Group": "Risk Group",
      "Risk_Category": "Risk Category",
      "Risk": "Risk",
      "Risk_Rating_Quarter": "Risk Rating Quarter",
      "Risk_Rating_Year": "Risk Rating Year",
      "Scope": "Scope",
      "Owner": "Owner",
			"Process_ID": 3
		},
		{
			"ID": 7,
			"Resource_ID": "Resource ID",
			"Title": "Title",
			"Risk_Group": "Risk Group",
      "Risk_Category": "Risk Category",
      "Risk": "Risk",
      "Risk_Rating_Quarter": "Risk Rating Quarter",
      "Risk_Rating_Year": "Risk Rating Year",
      "Scope": "Scope",
      "Owner": "Owner",
			"Process_ID": 0
		},
		{
			"ID": 8,
			"Resource_ID": "Resource ID",
			"Title": "Title",
			"Risk_Group": "Risk Group",
      "Risk_Category": "Risk Category",
      "Risk": "Risk",
      "Risk_Rating_Quarter": "Risk Rating Quarter",
      "Risk_Rating_Year": "Risk Rating Year",
      "Scope": "Scope",
      "Owner": "Owner",
			"Process_ID": 0
		},
		{
			"ID": 9,
			"Resource_ID": "Resource ID",
			"Title": "Title",
			"Risk_Group": "Risk Group",
      "Risk_Category": "Risk Category",
      "Risk": "Risk",
      "Risk_Rating_Quarter": "Risk Rating Quarter",
      "Risk_Rating_Year": "Risk Rating Year",
      "Scope": "Scope",
      "Owner": "Owner",
			"Process_ID": 0
		}
	],
	"control": [{
      "ID": 1,
      
			"Resource_ID": "Resource ID",
			"Title": "Title",
			"Control_Group": "Control Group",
      "Scope": "Scope",
      "Control_Owner": "Control Owner",
      
			"Risk_ID": 2
		},
		{
			"ID": 2,
			"Resource_ID": "Resource ID 2",
			"Title": "Title",
			"Control_Group": "Control Group",
      "Scope": "Scope",
      "Control_Owner": "Control Owner",
			"Risk_ID": 1
		},
		{
			"ID": 3,
			"Resource_ID": "Resource ID 3",
			"Title": "Title",
			"Control_Group": "Control Group",
      "Scope": "Scope",
      "Control_Owner": "Control Owner",
			"Risk_ID": 1
		},
		{
			"ID": 4,
			"Resource_ID": "Resource ID 4",
			"Title": "Title",
			"Control_Group": "Control Group",
      "Scope": "Scope",
      "Control_Owner": "Control Owner",
			"Risk_ID": 1
		},
		{
			"ID": 5,
			"Resource_ID": "Resource ID",
			"Title": "Title",
			"Control_Group": "Control Group",
      "Scope": "Scope",
      "Control_Owner": "Control Owner",
			"Risk_ID": 2
		},
		{
			"ID": 6,
			"Resource_ID": "Resource ID",
			"Title": "Title",
			"Control_Group": "Control Group",
      "Scope": "Scope",
      "Control_Owner": "Control Owner",
			"Risk_ID": 3
		},
		{
			"ID": 7,
			"Resource_ID": "Resource ID",
			"Title": "Title",
			"Control_Group": "Control Group",
      "Scope": "Scope",
      "Control_Owner": "Control Owner",
			"Risk_ID": 0
		},
		{
			"ID": 8,
			"Resource_ID": "Resource ID",
			"Title": "Title",
			"Control_Group": "Control Group",
      "Scope": "Scope",
      "Control_Owner": "Control Owner",
			"Risk_ID": 0
		},
		{
			"ID": 9,
			"Resource_ID": "Resource ID",
			"Title": "Title",
			"Control_Group": "Control Group",
      "Scope": "Scope",
      "Control_Owner": "Control Owner",
			"Risk_ID": 0
		}
	]
}