{
	"process": [{
			"ID": 1,
			"Name": "Process 1",
			"Start_Date": "2015-01-01T00:00:00",
			"Due_Date": "2015-04-01T00:00:00",
			"Description": "Completed",
			"Parent_ID": 0
		},
		{
			"ID": 2,
			"Name": "Process 2",
			"Start_Date": "2015-03-25T00:00:00",
			"Due_Date": "2015-04-03T00:00:00",
			"Description": "Completed",
			"Parent_ID": 0
		},
		{
			"ID": 3,
			"Name": "Process 3",
			"Start_Date": "2015-03-25T00:00:00",
			"Due_Date": "2015-04-03T00:00:00",
			"Description": "Deferred",
			"Parent_ID": 0
		},
		{
			"ID": 4,
			"Name": "Process 4",
			"Start_Date": "2015-03-28T00:00:00",
			"Due_Date": "2015-04-07T00:00:00",
			"Description": "Completed",
			"Parent_ID": 0
		},
		{
			"ID": 5,
			"Name": "Process 5",
			"Start_Date": "2015-04-07T00:00:00",
			"Due_Date": "2015-04-30T00:00:00",
			"Description": "Completed",
			"Parent_ID": 0
		},
		{
			"ID": 6,
			"Name": "Process 6",
			"Start_Date": "2015-04-15T00:00:00",
			"Due_Date": "2015-04-20T00:00:00",
			"Description": "Completed",
			"Parent_ID": 0
		},
		{
			"ID": 7,
			"Name": "Process 7",
			"Start_Date": "2015-04-16T00:00:00",
			"Due_Date": "2015-04-19T00:00:00",
			"Description": "Completed",
			"Parent_ID": 0
		},
		{
			"ID": 8,
			"Name": "Process 8",
			"Start_Date": "2015-04-16T00:00:00",
			"Due_Date": "2015-04-19T00:00:00",
			"Description": "Completed",
			"Parent_ID": 0
		},
		{
			"ID": 9,
			"Name": "Process 9",
			"Start_Date": "2015-04-16T00:00:00",
			"Due_Date": "2015-04-19T00:00:00",
			"Description": "Deferred",
			"Parent_ID": 0
		}
	],
	"risk": [{
			"ID": 1,
			"Name": "Risk 1",
			"Start_Date": "2015-01-01T00:00:00",
			"Due_Date": "2015-04-01T00:00:00",
			"Description": "Completed",
			"Process_ID": 2
		},
		{
			"ID": 2,
			"Name": "Risk 2",
			"Start_Date": "2015-03-25T00:00:00",
			"Due_Date": "2015-04-03T00:00:00",
			"Description": "Completed",
			"Process_ID": 1
		},
		{
			"ID": 3,
			"Name": "Risk 3",
			"Start_Date": "2015-03-25T00:00:00",
			"Due_Date": "2015-04-03T00:00:00",
			"Description": "Deferred",
			"Process_ID": 1
		},
		{
			"ID": 4,
			"Name": "Risk 4",
			"Start_Date": "2015-03-28T00:00:00",
			"Due_Date": "2015-04-07T00:00:00",
			"Description": "Completed",
			"Process_ID": 1
		},
		{
			"ID": 5,
			"Name": "Risk 5",
			"Start_Date": "2015-04-07T00:00:00",
			"Due_Date": "2015-04-30T00:00:00",
			"Description": "Completed",
			"Process_ID": 2
		},
		{
			"ID": 6,
			"Name": "Risk 6",
			"Start_Date": "2015-04-15T00:00:00",
			"Due_Date": "2015-04-20T00:00:00",
			"Description": "Completed",
			"Process_ID": 3
		},
		{
			"ID": 7,
			"Name": "Risk 7",
			"Start_Date": "2015-04-16T00:00:00",
			"Due_Date": "2015-04-19T00:00:00",
			"Description": "Completed",
			"Process_ID": 0
		},
		{
			"ID": 8,
			"Name": "Risk 8",
			"Start_Date": "2015-04-16T00:00:00",
			"Due_Date": "2015-04-19T00:00:00",
			"Description": "Completed",
			"Process_ID": 0
		},
		{
			"ID": 9,
			"Name": "Risk 9",
			"Start_Date": "2015-04-16T00:00:00",
			"Due_Date": "2015-04-19T00:00:00",
			"Description": "Deferred",
			"Process_ID": 0
		}
	],
	"control": [{
			"ID": 1,
			"Name": "Control 1",
			"Start_Date": "2015-01-01T00:00:00",
			"Due_Date": "2015-04-01T00:00:00",
			"Description": "Completed",
			"Risk_ID": 2
		},
		{
			"ID": 2,
			"Name": "Control 2",
			"Start_Date": "2015-03-25T00:00:00",
			"Due_Date": "2015-04-03T00:00:00",
			"Description": "Completed",
			"Risk_ID": 1
		},
		{
			"ID": 3,
			"Name": "Control 3",
			"Start_Date": "2015-03-25T00:00:00",
			"Due_Date": "2015-04-03T00:00:00",
			"Description": "Deferred",
			"Risk_ID": 1
		},
		{
			"ID": 4,
			"Name": "Control 4",
			"Start_Date": "2015-03-28T00:00:00",
			"Due_Date": "2015-04-07T00:00:00",
			"Description": "Completed",
			"Risk_ID": 1
		},
		{
			"ID": 5,
			"Name": "Control 5",
			"Start_Date": "2015-04-07T00:00:00",
			"Due_Date": "2015-04-30T00:00:00",
			"Description": "Completed",
			"Risk_ID": 2
		},
		{
			"ID": 6,
			"Name": "Control 6",
			"Start_Date": "2015-04-15T00:00:00",
			"Due_Date": "2015-04-20T00:00:00",
			"Description": "Completed",
			"Risk_ID": 3
		},
		{
			"ID": 7,
			"Name": "Control 7",
			"Start_Date": "2015-04-16T00:00:00",
			"Due_Date": "2015-04-19T00:00:00",
			"Description": "Completed",
			"Risk_ID": 0
		},
		{
			"ID": 8,
			"Name": "Control 8",
			"Start_Date": "2015-04-16T00:00:00",
			"Due_Date": "2015-04-19T00:00:00",
			"Description": "Completed",
			"Risk_ID": 0
		},
		{
			"ID": 9,
			"Name": "Control 9",
			"Start_Date": "2015-04-16T00:00:00",
			"Due_Date": "2015-04-19T00:00:00",
			"Description": "Deferred",
			"Risk_ID": 0
		}
	]
}